<?xml version="1.0" encoding="utf-8"?>
<extension type="module" version="3.1" client="site" method="upgrade">
	<name>mod_talent</name>
	<author>Sam Lee</author>
	<authorEmail>lixiangmanor@hotmail.com</authorEmail>
	<creationDate>April 2015</creationDate>
	<version>1.0.0</version>
	<description>MOD_TALENT_XML_DESCRIPTION</description>
	<languages>
		<language tag="en-GB">en-GB.mod_talent.ini</language>
		<language tag="en-GB">en-GB.mod_talent.sys.ini</language>
	</languages>
	<files>
		<filename module="mod_talent">mod_talent.php</filename>
		<folder>tmpl</folder>
		<folder>src</folder>
		<filename>helper.php</filename>
		<filename>mod_talent.xml</filename>
	</files>
	<help key="JHELP_EXTENSIONS_MODULE_MANAGER_MENU" />
	<config>
		<fields name="params">
			<fieldset name="basic">
				<field name="itemId" type="menuitem" label="MOD_TALENT_FIELD_ACTIVE_LABEL"
					description="MOD_TALENT_FIELD_ACTIVE_DESC">
					<option value="">MOD_TALENT_SELECT_MENU</option>
				</field>
				<field name="displaytype" type="list" label="MOD_TALENT_FIELD_DISPLAY_TYPE"
					description="MOD_TALENT_FIELD_DISPLAY_TYPE_DESC" default="">
					<option value="">MOD_TALENT_FIELD_DISPLAY_TYPE_LAST_UPDATE</option>
					<option value="1">MOD_TALENT_FIELD_DISPLAY_TYPE_MOST_RECOMMENDED</option>
				</field>
				<field name="limit" type="integer" label="MOD_TALENT_FIELD_NUM_ITEM"
					description="MOD_TALENT_FIELD_NUM_ITEM_DESC" first="0" last="20"
					step="1" default="5" />
			</fieldset>
		</fields>
	</config>
</extension>
